temperature,humidity,visibility,aqi,dominantpollutant,pollution_severity
31.18,77,883,195,pm10,2
25.39,89,2778,118,pm25,1
28.11,67,2289,100,no2,1
34.13,71,2350,237,no2,2
32.18,76,1734,185,no2,2
33.78,87,546,295,so2,2
33.88,70,2672,97,no2,1
31.96,60,1543,196,pm25,2
29.12,67,1050,76,so2,1
31.86,79,1130,254,so2,2
30.04,62,2840,129,no2,1
30.18,70,2521,137,pm10,1
25.24,61,2827,276,pm25,2
33.61,79,2780,173,pm25,2
32.4,69,2194,51,so2,1
28.67,83,543,83,so2,1
31.58,62,2670,91,so2,1
29.84,82,1476,67,so2,1
29.85,86,2050,96,so2,1
34.34,69,998,214,no2,2
34.54,87,1096,280,pm10,2
26.57,70,2016,95,pm25,1
33.66,69,1418,153,so2,2
31.28,79,2837,187,pm10,2
29.25,84,1855,93,no2,1
26.29,75,2857,160,pm25,2
27.99,74,2768,262,no2,2
34.98,79,2403,213,no2,2
33.13,62,1386,287,no2,2
28.24,66,1224,215,so2,2
28.9,78,939,188,no2,2
26.49,65,2786,276,pm10,2
32.6,72,662,270,pm25,2
33.98,83,2700,124,pm25,1
29.65,85,938,144,no2,1
33.54,85,1275,149,no2,1
33.18,75,1655,271,no2,2
31.34,88,645,242,no2,2
34.78,85,2611,190,pm25,2
25.66,76,2005,104,pm10,1
31.38,69,662,145,no2,1
27.65,79,1425,103,pm10,1
28.81,85,1077,213,no2,2
26.48,81,1514,220,pm25,2
27.92,75,2605,59,no2,1
33.05,69,1121,219,no2,2
34.78,81,2406,139,pm10,1
26.99,82,2704,249,no2,2
25.16,78,2727,252,so2,2
26.64,83,1874,79,pm10,1
29.44,79,1047,179,pm25,2
33.19,78,1087,287,pm10,2
26.44,86,908,198,pm10,2
30.33,82,756,300,pm25,2
31.04,64,2166,234,so2,2
34.86,69,1622,286,pm10,2
29.6,89,2548,133,so2,1
25.13,84,575,262,pm10,2
27.26,84,501,95,no2,1
28.66,66,1394,220,no2,2
27.13,86,2202,128,no2,1
34.56,82,2574,55,no2,1
29.55,74,808,76,pm10,1
34.22,70,1366,204,so2,2
27.46,71,2118,240,so2,2
28.26,65,860,299,no2,2
27.85,63,2053,126,pm25,1
32.52,76,2498,298,pm10,2
33.56,86,949,60,so2,1
32.75,70,1856,293,so2,2
32.88,78,2580,229,so2,2
32.04,81,2557,199,no2,2
34.4,61,2142,92,so2,1
31.14,64,1037,238,no2,2
33.08,75,2536,150,pm25,1
27.93,85,562,176,no2,2
33.08,64,728,217,pm10,2
28.02,86,2833,128,no2,1
29.98,70,1606,280,pm10,2
25.58,75,1468,252,pm25,2
33.26,78,2513,193,pm10,2
31.58,60,843,257,pm10,2
29.99,66,2706,67,no2,1
30.65,68,1412,258,pm25,2
27.62,67,1363,231,pm10,2
29.35,65,2447,62,pm10,1
28.22,86,2755,148,pm10,1
31.5,62,2644,54,no2,1
25.42,78,521,136,so2,1
30.58,70,662,138,no2,1
33.48,87,596,91,pm25,1
32.17,70,674,224,pm25,2
31.91,65,2827,265,so2,2
33.42,84,2215,136,no2,1
34.64,79,2592,229,pm25,2
26.84,82,2819,197,so2,2
31.32,61,1921,268,no2,2
33.26,69,2737,231,pm25,2
26.35,64,1101,252,pm25,2
28.81,71,1958,241,pm10,2
27.48,65,1277,267,no2,2
26.46,62,1705,112,pm25,1
31.82,85,760,151,so2,2
25.56,69,1947,99,so2,1
28.03,70,1918,222,pm25,2
33.58,86,1183,226,pm25,2
26.21,75,1204,189,pm25,2
33.71,89,1821,174,so2,2
26.32,74,2579,218,so2,2
25.82,60,2338,99,no2,1
26.25,75,862,162,no2,2
29.63,80,2796,214,so2,2
27.27,83,2489,175,so2,2
32.75,71,1424,79,so2,1
30.25,74,2789,248,pm10,2
29.95,81,1192,235,so2,2
29.31,61,1209,77,pm25,1
34.24,79,513,83,pm10,1
27.34,66,2168,159,pm25,2
28.01,82,2157,179,no2,2
29.78,76,2332,210,so2,2
31.03,76,2981,50,so2,0
30.17,68,2367,91,pm25,1
32.24,70,2747,291,no2,2
28.81,75,1900,64,so2,1
32.32,60,1321,206,pm25,2
30.06,83,1376,151,no2,2
26.79,67,1894,137,no2,1
33.79,60,2267,265,pm25,2
25.01,68,1300,102,no2,1
27.27,70,1276,289,pm10,2
34.66,69,1601,204,pm10,2
28.21,70,2547,261,so2,2
26.14,83,664,95,pm25,1
35.0,60,768,270,pm10,2
30.4,71,1020,52,so2,1
29.67,86,2453,155,pm10,2
25.98,72,2348,87,no2,1
27.84,73,928,165,pm25,2
29.46,88,1161,102,so2,1
30.6,78,2577,62,no2,1
33.13,66,1086,142,no2,1
32.65,63,1168,226,pm10,2
27.09,86,810,237,pm10,2
31.66,79,671,116,pm25,1
27.75,86,958,275,so2,2
30.18,87,1859,138,pm25,1
30.72,63,2867,145,no2,1
26.81,80,500,67,no2,1
31.85,76,1185,203,so2,2
26.39,72,2479,91,pm10,1
31.08,82,2072,201,pm25,2
34.35,81,1834,128,so2,1
29.21,80,1459,86,no2,1
33.62,63,1184,258,pm25,2
32.74,70,1311,164,pm10,2
32.41,63,2137,220,so2,2
26.22,80,1423,184,pm25,2
34.26,81,1851,179,pm10,2
29.1,80,887,85,so2,1
26.22,72,576,194,pm10,2
34.88,82,1753,174,pm25,2
33.84,60,2166,110,pm10,1
31.5,78,2516,275,so2,2
31.83,68,986,179,pm10,2
26.67,62,2431,113,pm10,1
34.92,75,2471,153,pm10,2
30.53,74,1185,274,pm10,2
29.63,66,1931,60,so2,1
30.45,81,1457,263,no2,2
34.43,62,2274,258,pm25,2
26.08,67,1092,262,so2,2
27.98,63,720,213,pm25,2
26.17,82,1729,137,so2,1
25.73,74,2455,128,so2,1
28.76,61,1600,58,so2,1
29.11,78,2433,100,pm25,1
27.5,86,1188,151,so2,2
25.19,74,1013,260,so2,2
33.17,90,2408,98,pm10,1
27.45,76,870,191,pm25,2
33.2,63,2304,103,no2,1
29.77,73,656,203,pm25,2
32.12,79,1049,88,no2,1
29.81,80,2989,56,pm25,1
30.05,76,1951,72,pm25,1
28.01,64,1817,77,pm10,1
29.62,72,2768,167,pm25,2
27.94,76,2606,136,pm25,1
32.43,72,2193,165,pm25,2
27.35,84,2890,174,so2,2
31.47,75,633,228,pm10,2
29.14,79,1142,208,no2,2
33.41,66,2632,149,pm10,1
29.84,77,1712,83,pm25,1
29.49,60,2782,72,so2,1
31.29,90,2456,164,pm25,2
33.16,77,1549,192,so2,2
25.07,89,602,196,pm25,2
31.35,88,1785,155,so2,2
32.55,65,2875,181,no2,2
29.34,65,2066,102,no2,1
25.77,60,582,251,pm25,2
27.41,83,1793,189,pm10,2
30.32,75,903,208,pm10,2
32.66,85,2352,261,pm10,2
30.36,83,535,119,so2,1
26.56,65,947,202,pm25,2
27.84,62,2636,225,no2,2
34.44,64,2505,238,pm25,2
25.1,76,721,271,no2,2
28.34,69,1246,269,no2,2
30.03,67,2828,191,pm25,2
28.93,74,1048,182,so2,2
30.13,90,2962,290,no2,2
26.28,86,1223,205,pm10,2
34.05,89,2509,298,pm25,2
25.89,65,1869,109,so2,1
29.4,76,2579,101,pm25,1
25.26,63,947,105,no2,1
29.7,73,2824,242,so2,2
25.73,72,630,148,so2,1
31.8,88,1552,136,so2,1
28.9,87,2392,205,pm10,2
25.56,87,2300,236,so2,2
30.4,65,2642,55,so2,1
29.22,74,1623,53,no2,1
28.34,83,641,161,no2,2
29.07,66,673,250,so2,2
27.86,80,1662,201,so2,2
26.28,62,1930,183,no2,2
25.87,69,839,205,so2,2
30.41,63,2384,78,pm10,1
31.28,84,1883,272,no2,2
27.75,82,1431,290,pm10,2
26.51,63,2982,103,so2,1
33.23,60,1168,59,pm10,1
25.8,64,753,125,pm25,1
28.53,78,1224,202,pm10,2
28.22,68,1847,165,pm10,2
30.61,77,2595,215,pm10,2
28.09,82,2677,66,no2,1
25.74,81,2643,185,pm10,2
28.75,60,2935,68,so2,1
32.86,74,2361,107,pm10,1
25.45,69,1091,159,no2,2
25.71,62,2604,240,so2,2
32.29,82,2045,212,pm10,2
34.9,90,1347,100,no2,1
27.16,70,690,112,so2,1
27.31,89,1240,262,no2,2
32.95,60,1038,259,pm25,2
28.08,61,1495,115,pm25,1
29.71,78,942,132,so2,1
31.52,85,2445,223,so2,2
33.5,78,1869,218,so2,2
26.18,68,2568,171,pm25,2
32.04,63,1041,144,pm25,1
25.72,69,2132,230,pm25,2
26.31,90,1864,276,pm25,2
27.08,66,1334,169,pm10,2
31.83,62,643,153,pm10,2
30.12,74,2067,150,pm10,1
26.5,68,1922,57,pm25,1
34.7,60,2023,192,no2,2
27.05,89,2144,95,pm25,1
28.59,69,1849,233,pm10,2
26.29,73,619,248,no2,2
33.97,68,2810,284,pm10,2
27.73,62,1048,295,pm10,2
25.5,89,884,226,pm25,2
25.09,66,881,94,pm10,1
31.77,89,2261,135,so2,1
26.33,69,2176,178,so2,2
26.75,89,2476,100,so2,1
33.94,77,2832,299,pm25,2
26.67,86,1558,206,no2,2
29.49,63,1175,181,pm10,2
32.91,60,2444,183,pm10,2
28.7,76,2201,266,no2,2
30.46,85,672,74,pm25,1
33.89,69,1035,54,no2,1
32.65,69,2997,291,so2,2
30.06,62,1452,116,no2,1
34.81,76,2227,300,pm25,2
29.0,78,2480,80,so2,1
33.32,64,850,110,pm25,1
30.47,90,1745,254,no2,2
32.9,63,681,293,pm25,2
29.86,70,2011,68,pm10,1
29.15,60,1536,275,pm25,2
31.38,76,2698,202,pm25,2
31.45,80,2464,138,pm10,1
25.98,69,1758,290,no2,2
27.85,69,2337,136,pm25,1
29.08,65,2514,154,pm10,2
25.1,77,1718,80,no2,1
29.37,82,1968,190,pm25,2
30.12,89,2916,253,no2,2
31.68,85,1583,170,pm25,2
34.29,73,1558,125,so2,1
25.71,70,2905,97,pm10,1
27.22,65,1359,273,no2,2
28.68,60,1704,225,no2,2
32.41,64,1931,263,so2,2
32.27,69,1629,189,so2,2
29.06,90,1917,228,pm10,2
26.8,69,2112,198,no2,2
28.58,86,818,137,pm10,1
27.38,76,2436,252,pm25,2
27.11,86,2135,93,so2,1
33.39,63,2042,77,pm10,1
30.68,87,2867,239,pm10,2
25.23,78,1281,262,pm25,2
30.41,87,769,133,pm25,1
32.29,87,838,112,pm10,1
29.32,62,2079,123,so2,1
33.05,64,940,293,no2,2
29.79,82,574,182,pm10,2
29.48,81,626,230,pm10,2
26.49,82,1576,173,no2,2
30.24,84,1877,163,pm25,2
33.49,90,1585,203,pm25,2
34.76,65,2451,200,pm10,2
33.02,66,1238,56,pm25,1
32.51,74,2367,131,pm25,1
29.92,64,531,82,pm10,1
30.09,86,2960,276,pm10,2
34.32,74,1682,145,so2,1
34.12,67,2924,268,so2,2
29.2,83,1143,213,pm10,2
26.07,78,586,118,pm10,1
34.09,61,930,257,pm10,2
32.65,84,2300,253,pm10,2
33.17,87,1679,77,no2,1
32.19,87,2168,64,pm10,1
26.63,66,1264,170,pm25,2
34.72,74,1324,109,so2,1
30.27,86,2983,86,pm10,1
34.81,77,1499,227,so2,2
27.6,76,2479,290,no2,2
26.34,72,874,63,pm10,1
25.39,78,1626,52,so2,1
34.99,68,759,124,so2,1
34.62,77,714,185,pm10,2
33.86,61,942,179,so2,2
27.13,63,2403,133,pm10,1
28.78,77,1937,232,pm10,2
30.15,64,1190,95,no2,1
33.25,77,2556,233,pm25,2
34.94,66,1604,220,pm25,2
29.5,79,2855,154,no2,2
29.94,83,1145,266,pm25,2
34.94,76,2105,99,no2,1
34.73,68,1144,134,so2,1
30.3,77,2369,119,pm10,1
27.15,88,1659,268,pm10,2
28.24,74,2194,278,pm25,2
30.39,86,2792,158,so2,2
31.2,62,1759,236,pm10,2
33.53,60,1319,254,so2,2
26.67,90,1867,144,pm10,1
25.8,84,2802,105,no2,1
30.28,84,1766,195,no2,2
34.14,71,1466,70,pm25,1
28.09,80,2550,97,so2,1
29.47,82,2531,184,so2,2
34.3,61,1383,125,no2,1
28.54,89,1284,139,pm25,1
32.46,84,1189,115,no2,1
26.03,66,2767,132,pm10,1
28.23,74,710,162,pm25,2
33.18,60,2971,209,pm25,2
27.42,76,2173,96,pm10,1
26.25,87,2546,171,so2,2
34.12,64,1390,180,no2,2
29.86,61,789,251,no2,2
26.93,84,1856,150,pm10,1
25.41,76,2418,189,pm10,2
32.24,81,803,152,pm25,2
27.91,73,2583,119,pm10,1
32.13,69,2827,273,pm25,2
25.36,71,992,244,so2,2
33.1,77,590,149,pm10,1
30.3,77,931,274,pm10,2
30.7,77,2469,278,pm10,2
25.36,69,1464,184,pm25,2
29.69,89,1669,193,so2,2
27.85,79,1258,53,no2,1
31.08,70,1611,229,pm25,2
27.92,89,1005,60,pm10,1
34.55,65,1924,184,so2,2
25.35,86,2806,138,pm25,1
28.1,76,674,105,pm25,1
32.34,77,2948,271,so2,2
31.52,78,2529,227,pm25,2
32.92,82,955,202,no2,2
27.55,79,1924,82,no2,1
26.23,70,1321,234,pm10,2
30.13,62,1505,295,pm25,2
27.98,90,1746,236,pm25,2
31.62,83,2692,159,no2,2
32.9,87,2415,51,pm10,1
27.65,90,1576,241,pm25,2
30.63,76,1206,56,pm25,1
25.3,68,2807,117,pm25,1
28.1,88,1367,194,pm25,2
29.63,61,1978,195,pm25,2
26.32,74,2046,264,no2,2
27.59,84,2416,145,no2,1
28.65,63,1338,280,pm10,2
28.25,63,1835,173,pm25,2
26.98,69,1923,193,pm25,2
30.27,79,2769,104,pm10,1
28.17,85,1579,233,pm25,2
27.61,80,2430,183,so2,2
34.43,82,2701,173,pm25,2
25.48,62,2188,234,so2,2
25.02,60,818,282,pm25,2
34.79,74,892,267,no2,2
33.8,74,1995,101,pm10,1
32.43,66,2572,115,pm25,1
33.51,67,1719,211,no2,2
33.54,74,668,206,pm25,2
25.06,87,2546,134,so2,1
27.78,63,2465,289,no2,2
34.46,68,2098,191,no2,2
32.06,64,1399,205,pm10,2
33.93,62,1870,289,pm10,2
32.08,66,1165,268,no2,2
32.57,86,1597,122,no2,1
26.52,71,1197,121,pm25,1
26.26,69,1885,234,no2,2
25.75,90,1959,265,so2,2
28.64,69,2185,155,pm25,2
27.45,82,555,207,pm25,2
33.46,60,839,195,so2,2
25.23,87,2691,235,pm25,2
34.93,83,549,65,pm10,1
25.6,84,1019,208,no2,2
28.05,67,1684,269,no2,2
34.23,60,2210,56,pm25,1
33.1,85,2038,194,pm10,2
27.97,70,2571,262,pm10,2
31.84,83,1029,187,so2,2
33.72,76,1474,165,pm25,2
30.19,60,2840,252,pm10,2
32.24,75,668,64,no2,1
34.93,81,1964,106,so2,1
26.26,78,1057,224,pm10,2
29.26,66,859,276,pm10,2
26.45,87,1005,217,so2,2
28.27,68,1518,61,so2,1
30.94,75,2714,87,pm25,1
29.87,69,2182,272,no2,2
26.23,84,1855,140,pm25,1
25.14,75,1822,100,so2,1
28.04,89,2660,212,pm25,2
30.32,71,1142,150,pm25,1
30.39,66,1448,211,so2,2
29.92,66,872,283,pm10,2
25.98,72,2535,134,pm25,1
31.05,81,1426,129,no2,1
31.87,85,1185,235,no2,2
26.01,72,535,230,so2,2
31.35,83,1336,123,pm10,1
33.83,77,1937,273,no2,2
27.37,79,1055,220,so2,2
25.32,69,2306,115,pm25,1
30.91,65,1813,264,pm25,2
34.1,66,1177,50,no2,0
26.62,64,893,259,pm10,2
29.16,86,1369,204,pm10,2
31.02,83,2947,148,so2,1
30.74,62,1823,78,pm25,1
25.26,82,2561,263,no2,2
30.92,67,1834,86,pm10,1
29.19,62,2010,158,no2,2
28.28,64,1254,54,no2,1
31.38,70,748,52,pm10,1
26.23,79,1190,272,so2,2
28.59,77,577,107,no2,1
27.83,64,973,126,no2,1
26.91,72,941,281,pm10,2
27.72,65,2540,295,so2,2
28.99,76,2263,259,no2,2
31.16,87,999,249,pm25,2
34.71,75,571,120,no2,1
32.76,64,963,63,no2,1
25.78,72,2288,241,pm25,2
33.2,71,846,188,pm25,2
34.23,80,1909,228,no2,2
29.08,73,2563,278,no2,2
32.42,86,2124,298,pm25,2
34.45,85,842,247,pm10,2
32.08,86,2773,273,pm25,2
27.67,88,1032,58,no2,1
29.99,71,874,128,pm10,1
33.2,70,2390,83,so2,1
31.85,77,2158,84,pm10,1
32.31,72,1619,108,so2,1
26.89,76,894,195,no2,2
31.36,67,2782,104,pm10,1
26.87,80,2695,125,pm10,1
31.16,85,2175,276,pm10,2
26.15,69,1528,93,pm25,1
28.63,61,2575,268,pm25,2
32.58,84,535,225,pm10,2
25.56,68,1782,219,pm10,2
28.69,60,1688,216,pm25,2
33.03,67,1679,258,so2,2
34.97,69,2732,241,so2,2
32.55,70,1457,230,pm10,2
29.77,65,2398,98,so2,1
25.55,87,686,291,no2,2
25.55,70,768,122,pm10,1
29.01,60,617,204,no2,2
29.3,82,2079,102,so2,1
34.58,90,1187,210,no2,2
32.62,68,664,131,so2,1
34.45,80,2396,104,pm10,1
26.7,81,1679,215,no2,2
32.72,89,1312,64,pm25,1
31.75,74,1106,250,so2,2
27.42,83,707,175,pm25,2
31.09,60,1173,161,no2,2
29.88,65,2494,280,so2,2
32.73,81,2247,171,pm10,2
26.03,71,631,266,so2,2
30.04,72,2779,181,pm25,2
30.06,60,1049,74,pm10,1
34.77,67,2151,136,pm25,1
30.86,64,2816,135,pm25,1
31.17,82,706,108,so2,1
28.88,88,1254,90,no2,1
33.36,64,2853,159,so2,2
34.42,88,688,288,no2,2
29.98,64,2236,175,pm25,2
30.92,88,1199,75,pm25,1
30.9,70,1643,203,pm10,2
34.97,63,2364,209,so2,2
28.7,76,1462,133,pm10,1
33.92,61,1197,267,pm10,2
26.17,85,2556,211,pm10,2
28.35,61,2410,57,so2,1
34.94,77,1831,250,pm10,2
31.5,74,1264,212,pm25,2
33.4,86,2632,258,no2,2
25.55,66,981,200,so2,2
29.28,90,776,66,so2,1
26.92,79,1481,277,pm25,2
28.95,74,1087,277,pm25,2
32.79,60,2498,81,no2,1
27.8,72,2653,159,no2,2
25.82,76,2153,257,so2,2
27.09,68,2645,200,pm25,2
26.38,90,1428,258,pm10,2
28.58,88,2732,106,so2,1
34.31,66,751,54,pm10,1
29.95,90,1978,246,pm10,2
31.38,76,1406,272,so2,2
25.06,79,2997,71,no2,1
29.63,84,1381,264,pm25,2
29.4,64,2721,214,pm25,2
34.37,89,1795,139,no2,1
34.97,78,646,157,so2,2
29.71,71,1457,69,pm10,1
34.65,66,1388,119,no2,1
31.92,71,843,178,pm25,2
31.02,76,2740,295,so2,2
26.38,77,1797,181,no2,2
32.65,74,869,220,so2,2
25.81,73,1832,287,pm10,2
28.86,62,1588,154,so2,2
30.41,72,1982,138,pm25,1
29.09,83,1345,265,pm10,2
29.84,89,867,189,pm25,2
27.36,60,1887,206,no2,2
31.81,72,2640,50,pm25,0
32.25,68,1824,172,pm10,2
34.16,73,1967,100,pm10,1
29.22,61,1442,58,no2,1
27.61,90,2202,209,no2,2
28.48,74,808,99,so2,1
32.43,68,1450,159,pm10,2
29.08,80,1408,99,pm10,1
33.09,87,1022,226,no2,2
30.32,87,2084,120,pm25,1
33.1,87,2729,179,no2,2
26.32,78,1413,70,so2,1
30.38,69,2644,147,so2,1
29.28,61,1150,177,pm10,2
25.96,74,1180,63,no2,1
30.84,89,787,250,pm10,2
28.22,72,1914,52,pm25,1
33.22,82,1566,264,no2,2
26.95,82,1516,219,pm10,2
33.57,61,1248,284,pm10,2
31.66,74,875,288,pm25,2
29.26,77,2798,239,so2,2
29.06,63,2075,65,no2,1
30.29,85,1470,199,pm10,2
33.04,79,810,246,pm10,2
33.13,74,1666,243,pm10,2
34.0,75,581,61,pm25,1
29.22,68,2731,149,pm10,1
32.33,87,2954,268,pm10,2
25.37,66,1118,93,no2,1
30.7,70,1284,109,so2,1
26.76,63,1963,228,no2,2
29.45,77,2510,97,pm25,1
28.95,75,1360,221,no2,2
30.83,83,564,196,pm25,2
31.01,64,2368,262,no2,2
30.9,67,1709,124,pm10,1
28.24,68,1154,72,pm10,1
33.54,60,967,142,pm10,1
26.36,73,703,95,pm25,1
32.59,62,1737,250,pm25,2
32.13,85,2990,225,pm10,2
27.87,61,2641,180,pm25,2
34.62,78,1461,125,pm10,1
30.95,87,798,219,pm10,2
33.05,84,734,122,pm25,1
30.89,90,2418,64,so2,1
25.76,88,628,112,so2,1
33.94,73,2088,175,pm25,2
30.39,68,2859,147,so2,1
29.52,60,1474,207,no2,2
31.1,63,2808,77,pm10,1
31.3,79,1709,73,no2,1
29.05,67,1064,283,no2,2
34.65,60,2495,243,no2,2
26.65,65,1407,258,pm10,2
30.49,73,916,50,so2,0
31.92,81,747,68,pm10,1
28.92,88,894,212,pm25,2
25.69,62,1644,98,pm10,1
25.07,90,1312,157,pm10,2
28.07,61,854,187,no2,2
30.39,75,2526,202,pm25,2
29.35,74,1247,178,no2,2
32.13,90,1921,150,so2,1
33.78,82,1096,297,no2,2
33.22,72,2720,206,pm25,2
25.81,61,1679,232,so2,2
25.76,70,2125,65,no2,1
27.88,75,640,235,pm25,2
26.74,78,1003,283,pm25,2
34.74,73,934,177,pm25,2
25.71,76,966,62,pm10,1
25.75,61,550,195,pm10,2
33.65,87,2584,110,so2,1
25.15,62,2288,162,so2,2
34.05,85,2934,86,so2,1
30.5,67,948,244,pm10,2
25.35,88,1263,203,no2,2
27.7,88,2950,138,pm10,1
28.89,60,1806,245,pm25,2
27.41,81,1749,141,no2,1
25.34,68,1129,90,so2,1
34.97,79,1391,115,so2,1
28.33,89,1191,202,so2,2
27.65,82,2578,213,so2,2
33.75,61,1766,56,so2,1
33.38,71,1931,153,so2,2
34.7,77,1004,113,no2,1
30.28,84,845,86,pm25,1
31.98,65,861,136,pm10,1
28.22,88,2534,204,so2,2
25.83,62,2124,263,no2,2
32.94,70,2708,298,pm25,2
34.51,76,2433,192,pm25,2
28.64,71,1187,163,pm10,2
30.08,76,1737,175,so2,2
28.06,77,2150,53,so2,1
28.51,86,2643,140,no2,1
34.99,89,2896,93,pm10,1
25.02,78,1731,77,pm25,1
26.73,70,2273,258,no2,2
33.14,80,1577,250,so2,2
31.39,68,1940,110,pm10,1
33.6,78,684,220,so2,2
31.16,79,2628,199,pm25,2
33.52,67,2768,132,pm25,1
34.23,74,2112,267,pm25,2
28.92,84,2088,64,pm25,1
28.07,60,890,60,no2,1
30.74,77,517,121,no2,1
28.26,71,1417,117,no2,1
29.86,72,1264,218,pm10,2
31.82,81,2844,93,no2,1
25.39,68,2902,170,no2,2
28.97,81,2560,78,pm25,1
31.5,74,1258,126,so2,1
26.27,65,1492,294,pm25,2
25.36,74,2971,96,no2,1
32.43,69,632,211,pm25,2
26.8,66,2862,86,so2,1
28.76,80,1729,292,so2,2
31.27,66,2889,175,no2,2
28.3,82,1812,191,no2,2
33.44,61,2150,102,pm10,1
31.07,62,1292,218,pm25,2
25.71,88,1282,189,no2,2
29.6,89,869,212,no2,2
34.94,75,725,253,no2,2
27.36,84,2315,137,so2,1
28.57,62,2968,255,no2,2
26.07,84,2129,183,so2,2
33.84,88,856,167,so2,2
32.25,87,950,279,pm25,2
32.06,87,1196,282,pm25,2
30.54,87,2340,121,pm10,1
29.83,74,702,231,so2,2
30.95,71,2705,79,pm10,1
32.29,74,2169,113,pm25,1
34.39,78,2275,239,so2,2
32.37,90,2243,225,so2,2
30.07,78,2728,133,pm10,1
34.15,80,2901,225,pm25,2
28.57,81,2947,123,pm25,1
26.82,76,565,239,no2,2
34.18,62,764,124,so2,1
28.91,62,2585,172,pm10,2
33.21,69,1743,93,pm10,1
29.1,88,2292,105,so2,1
25.23,63,580,232,pm25,2
33.79,78,2793,211,so2,2
29.72,79,2402,93,no2,1
32.95,63,2161,213,pm10,2
34.49,85,1571,72,pm25,1
25.49,84,2068,128,so2,1
29.14,89,2873,158,so2,2
28.18,90,2386,297,pm10,2
34.47,79,1552,158,pm25,2
29.37,83,1959,196,so2,2
33.78,85,1176,138,pm10,1
26.4,71,1511,171,no2,2
27.25,64,2943,284,pm25,2
33.92,69,2048,152,pm25,2
29.79,89,1030,171,pm10,2
28.63,64,1777,64,pm25,1
31.91,86,2421,260,so2,2
30.85,67,1686,121,pm10,1
29.77,87,714,192,so2,2
25.17,79,859,298,no2,2
28.17,87,2768,107,pm25,1
32.62,62,1122,241,so2,2
27.03,62,2348,143,so2,1
28.29,62,2766,116,so2,1
29.82,86,2199,102,pm25,1
34.07,83,1924,166,pm10,2
27.83,90,2096,104,so2,1
31.06,66,1618,169,pm10,2
28.27,69,608,265,pm10,2
28.62,62,2428,178,pm10,2
25.36,60,1475,298,so2,2
30.29,86,2856,81,pm25,1
33.18,68,1189,289,pm10,2
28.39,83,1014,75,no2,1
26.22,79,1966,86,so2,1
32.81,67,1835,185,pm25,2
33.68,66,2883,151,pm25,2
30.86,78,1627,176,no2,2
28.72,84,553,79,pm10,1
29.81,81,2217,262,pm10,2
28.05,81,2006,249,so2,2
26.34,88,2966,255,pm25,2
32.7,61,1543,225,no2,2
34.79,74,1794,122,no2,1
33.26,68,2178,191,no2,2
27.01,70,1908,107,pm10,1
30.93,62,2447,170,no2,2
28.43,78,672,281,no2,2
25.5,76,1184,117,pm10,1
25.95,78,2317,255,pm10,2
29.28,75,1305,174,pm25,2
31.65,67,2340,76,pm25,1
26.76,83,755,283,pm25,2
27.63,83,2392,140,no2,1
34.43,80,1967,118,no2,1
32.74,86,2600,178,no2,2
32.37,73,1642,127,pm25,1
25.24,83,595,181,no2,2
33.92,71,2728,235,pm25,2
29.54,65,2223,171,pm10,2
26.84,85,1328,206,pm25,2
29.09,77,1565,112,so2,1
28.26,75,2990,196,so2,2
25.22,78,1506,145,so2,1
33.08,85,1706,155,pm25,2
27.03,73,2322,235,pm25,2
25.62,89,2116,121,so2,1
32.6,90,2341,218,pm10,2
29.1,86,1175,235,pm25,2
30.43,82,1574,112,so2,1
30.02,60,853,203,pm25,2
32.98,63,2697,67,pm25,1
27.14,84,709,122,pm10,1
25.61,67,623,281,so2,2
27.04,86,2946,260,no2,2
26.53,74,2402,137,so2,1
25.96,69,2770,162,pm10,2
26.4,82,1663,85,pm25,1
28.73,70,1003,51,pm25,1
30.63,64,2764,80,pm10,1
33.57,67,2387,195,pm10,2
31.46,78,1109,111,pm10,1
29.39,89,1438,91,pm10,1
30.64,74,2825,82,pm10,1
31.51,79,1319,52,no2,1
33.96,74,845,115,pm10,1
30.89,63,2244,260,so2,2
28.7,81,2372,128,so2,1
29.3,72,590,135,no2,1
31.25,75,861,266,pm10,2
28.51,73,1583,246,pm25,2
30.84,64,1305,199,no2,2
29.04,84,2248,104,so2,1
25.59,70,2366,83,pm25,1
28.73,85,2637,120,pm25,1
34.08,73,1224,290,so2,2
31.19,64,2158,211,pm10,2
26.84,81,801,225,no2,2
29.66,61,840,222,pm10,2
27.4,85,1790,246,so2,2
30.32,73,2327,297,pm25,2
33.55,89,2640,55,no2,1
31.57,70,2862,288,pm25,2
32.67,87,1766,233,no2,2
33.51,69,1079,243,no2,2
31.04,85,1952,253,no2,2
28.89,62,1904,96,pm10,1
30.67,75,2044,195,pm10,2
33.53,67,1770,120,pm10,1
27.29,81,2232,84,no2,1
25.45,82,2609,141,pm25,1
33.33,83,1116,203,so2,2
25.3,79,1217,58,pm10,1
27.53,71,2630,134,pm25,1
25.46,70,1818,168,no2,2
33.4,62,2795,258,no2,2
26.19,70,1371,199,pm10,2
31.16,70,2334,117,so2,1
29.21,78,2994,146,so2,1
27.42,80,949,147,no2,1
32.04,72,625,112,no2,1
30.77,73,1065,220,so2,2
30.76,65,2607,201,pm25,2
28.86,68,2930,229,pm10,2
32.91,86,2705,252,no2,2
32.5,77,772,249,pm10,2
27.1,90,2507,186,no2,2
34.01,67,1205,287,no2,2
34.14,74,2203,100,pm10,1
28.61,80,2609,164,no2,2
32.72,70,1006,138,pm10,1
33.97,69,812,252,no2,2
33.86,86,2815,201,no2,2
31.32,65,586,158,pm10,2
29.06,75,1637,134,pm25,1
31.47,75,1722,258,pm25,2
32.93,63,2279,149,no2,1
29.05,62,746,287,no2,2
26.2,77,744,257,so2,2
33.0,84,1243,226,so2,2
32.02,90,1337,218,pm25,2
30.28,79,742,104,pm10,1
26.91,85,1036,154,no2,2
31.03,64,2717,145,no2,1
32.76,88,1039,142,pm25,1
30.11,89,1936,79,no2,1
28.5,88,820,136,pm10,1
33.5,81,1287,125,pm25,1
28.74,78,2824,181,pm25,2
32.9,79,2059,225,pm25,2
31.32,65,1249,140,no2,1
33.77,66,2506,99,pm25,1
28.5,75,640,284,no2,2
33.53,84,1301,172,pm10,2
30.97,70,2027,248,so2,2
27.45,89,1535,115,pm25,1
31.91,82,1748,201,so2,2
31.09,66,1180,131,pm25,1
25.43,83,2352,107,no2,1
28.54,80,765,134,so2,1
29.73,74,1945,162,so2,2
27.96,75,2437,104,no2,1
27.14,82,975,207,pm25,2
33.02,64,1046,290,pm25,2
30.74,75,1219,190,pm10,2
26.93,67,1825,124,pm10,1
26.4,88,771,259,so2,2
25.69,81,1585,91,no2,1
28.36,81,1250,241,pm10,2
34.01,79,1617,134,no2,1
34.31,60,2326,193,no2,2
34.37,76,791,271,so2,2
33.53,61,612,185,so2,2
30.98,77,2949,153,no2,2
26.79,66,2931,181,pm25,2
29.51,69,1274,142,no2,1
33.32,80,1418,181,no2,2
34.74,60,2815,56,pm25,1
27.63,80,1818,250,so2,2
31.96,68,1820,86,so2,1
25.99,64,1082,73,pm10,1
31.67,79,2286,271,no2,2
31.38,69,2558,289,pm10,2
33.41,74,2527,187,so2,2
26.88,79,1693,73,pm10,1
28.67,79,2950,126,pm25,1
31.32,83,2824,151,pm25,2
32.11,74,1296,96,pm10,1
33.04,65,2630,184,no2,2
30.87,63,1893,161,so2,2
29.49,79,1208,284,pm25,2
27.15,76,1625,170,pm10,2
34.67,74,2978,241,no2,2
31.26,65,2015,76,pm10,1
30.1,68,2778,79,pm25,1
29.16,90,1893,300,pm10,2
26.63,66,543,292,pm10,2
30.15,89,1451,247,so2,2
29.3,75,1899,286,pm25,2
28.28,68,1272,275,so2,2
29.51,85,1518,214,pm10,2
25.24,84,2491,83,pm10,1
34.76,81,2979,199,pm25,2
25.54,77,2568,174,no2,2
25.55,72,894,110,pm25,1
29.95,72,886,80,pm25,1
25.3,67,2767,203,pm10,2
34.07,82,1780,265,pm25,2
28.61,72,1358,92,pm10,1
26.38,65,1045,188,no2,2
29.5,64,2493,140,no2,1
32.67,62,1439,197,pm25,2
30.71,67,2897,159,no2,2
30.53,67,2672,189,so2,2
28.47,87,971,140,pm25,1
29.56,90,2946,52,pm25,1
32.23,84,1217,57,pm10,1
30.14,83,2550,293,no2,2
27.18,65,2892,289,no2,2
25.74,87,1341,300,so2,2
32.5,69,1928,245,pm25,2
33.71,64,536,186,so2,2
30.07,61,807,91,so2,1
33.85,64,2687,271,pm25,2
26.82,74,2197,198,pm10,2
33.67,61,2117,243,pm10,2
30.27,76,1247,133,so2,1
29.21,77,2196,146,so2,1
34.51,77,2964,289,no2,2
31.27,65,729,274,no2,2
26.07,69,1817,126,no2,1
31.09,69,2010,240,pm10,2
25.68,81,971,96,no2,1
30.38,79,1991,74,pm25,1
33.73,73,2935,134,no2,1
31.29,74,1433,242,so2,2
30.42,89,1742,132,pm10,1
34.15,73,985,252,pm25,2
29.61,69,2778,112,so2,1
34.4,83,2398,118,pm25,1
28.27,88,1474,242,pm10,2
28.58,63,1741,124,pm10,1
30.75,62,606,236,no2,2
27.9,63,726,135,pm25,1
25.41,81,1373,274,so2,2
27.67,80,1852,132,so2,1
34.38,65,2236,101,no2,1
34.47,71,2145,209,no2,2
33.6,87,2527,276,pm25,2
29.23,76,1474,112,pm10,1
25.57,81,1200,58,no2,1
34.46,83,1498,56,pm10,1
31.88,60,2287,167,pm25,2
30.66,89,2410,294,no2,2
29.17,67,960,58,no2,1
33.88,72,1969,197,so2,2
32.45,87,2852,216,no2,2
31.88,88,1370,153,so2,2
32.85,88,2073,137,pm25,1
30.15,75,1412,126,no2,1
32.17,72,1860,296,pm10,2
25.9,79,1499,153,so2,2
28.24,70,2520,256,so2,2
25.01,65,1209,235,no2,2
28.39,60,649,161,no2,2
31.05,79,750,140,pm10,1
29.33,63,1521,258,so2,2
30.34,75,743,186,pm10,2
28.14,89,1651,78,pm10,1
33.89,78,2959,89,so2,1
28.4,79,1763,82,so2,1
29.09,77,967,84,so2,1
27.36,84,2629,291,pm25,2
